{
  "transactions":[
    {
      "id": 1,
      "user_id": 1,
      "t_id":1,
      "name":"Spaghetti",
      "ingredient":"pasta, sauce, water, spices",
      "recipe": "Boil pasta. Add sauce, spices and serve hot."
    },
    {
      "id": 2,
      "user_id": 2,
      "t_id":2,
      "name":"Chicken Parmesan",
      "ingredient":"chicken, pepper, eggs, cheese",
      "recipe": "Coat chicken breasts in egg mixture. Add cheese and pepper."
    },
    {
      "id": 3,
      "user_id": 3,
      "t_id":2,
      "name":"Soup",
      "ingredient":"vegetable broth, water, spices",
      "recipe": "Cook vegetable broth in water and spices."
    }
  ]
}